ISO Code,country,UNICEF Reporting Region,year,value,indicator
AGO,Angola,Sub-Saharan Africa,2000,659,MMR
BEN,Benin,Sub-Saharan Africa,2000,529,MMR
BWA,Botswana,Sub-Saharan Africa,2000,136,MMR
BFA,Burkina Faso,Sub-Saharan Africa,2000,524,MMR
BDI,Burundi,Sub-Saharan Africa,2000,860,MMR
CPV,Cabo Verde,Sub-Saharan Africa,2000,110,MMR
CMR,Cameroon,Sub-Saharan Africa,2000,678,MMR
CAF,Central African Republic,Sub-Saharan Africa,2000,1490,MMR
TCD,Chad,Sub-Saharan Africa,2000,1208,MMR
COM,Comoros,Sub-Saharan Africa,2000,476,MMR
COG,Congo,Sub-Saharan Africa,2000,509,MMR
CIV,Côte d'Ivoire,Sub-Saharan Africa,2000,378,MMR
COD,Democratic Republic of the Congo,Sub-Saharan Africa,2000,585,MMR
GNQ,Equatorial Guinea,Sub-Saharan Africa,2000,406,MMR
ERI,Eritrea,Sub-Saharan Africa,2000,741,MMR
ETH,Ethiopia,Sub-Saharan Africa,2000,870,MMR
GAB,Gabon,Sub-Saharan Africa,2000,178,MMR
GMB,Gambia,Sub-Saharan Africa,2000,810,MMR
GHA,Ghana,Sub-Saharan Africa,2000,472,MMR
GIN,Guinea,Sub-Saharan Africa,2000,951,MMR
GNB,Guinea-Bissau,Sub-Saharan Africa,2000,1295,MMR
KEN,Kenya,Sub-Saharan Africa,2000,445,MMR
LSO,Lesotho,Sub-Saharan Africa,2000,413,MMR
LBR,Liberia,Sub-Saharan Africa,2000,786,MMR
MDG,Madagascar,Sub-Saharan Africa,2000,638,MMR
MWI,Malawi,Sub-Saharan Africa,2000,506,MMR
MLI,Mali,Sub-Saharan Africa,2000,741,MMR
MRT,Mauritania,Sub-Saharan Africa,2000,644,MMR
MUS,Mauritius,Sub-Saharan Africa,2000,43,MMR
MOZ,Mozambique,Sub-Saharan Africa,2000,525,MMR
NAM,Namibia,Sub-Saharan Africa,2000,384,MMR
NER,Niger,Sub-Saharan Africa,2000,845,MMR
NGA,Nigeria,Sub-Saharan Africa,2000,1136,MMR
RWA,Rwanda,Sub-Saharan Africa,2000,885,MMR
STP,Sao Tome and Principe,Sub-Saharan Africa,2000,180,MMR
SEN,Senegal,Sub-Saharan Africa,2000,581,MMR
SYC,Seychelles,Sub-Saharan Africa,2000,45,MMR
SLE,Sierra Leone,Sub-Saharan Africa,2000,1603,MMR
ZAF,South Africa,Sub-Saharan Africa,2000,175,MMR
SSD,South Sudan,Sub-Saharan Africa,2000,1658,MMR
SWZ,Eswatini,Sub-Saharan Africa,2000,361,MMR
TZA,United Republic of Tanzania,Sub-Saharan Africa,2000,568,MMR
TGO,Togo,Sub-Saharan Africa,2000,496,MMR
UGA,Uganda,Sub-Saharan Africa,2000,475,MMR
ZMB,Zambia,Sub-Saharan Africa,2000,340,MMR
ZWE,Zimbabwe,Sub-Saharan Africa,2000,405,MMR
AGO,Angola,Sub-Saharan Africa,2001,629,MMR
BEN,Benin,Sub-Saharan Africa,2001,532,MMR
BWA,Botswana,Sub-Saharan Africa,2001,138,MMR
BFA,Burkina Faso,Sub-Saharan Africa,2001,513,MMR
BDI,Burundi,Sub-Saharan Africa,2001,799,MMR
CPV,Cabo Verde,Sub-Saharan Africa,2001,101,MMR
CMR,Cameroon,Sub-Saharan Africa,2001,672,MMR
CAF,Central African Republic,Sub-Saharan Africa,2001,1504,MMR
TCD,Chad,Sub-Saharan Africa,2001,1204,MMR
COM,Comoros,Sub-Saharan Africa,2001,440,MMR
COG,Congo,Sub-Saharan Africa,2001,489,MMR
CIV,Côte d'Ivoire,Sub-Saharan Africa,2001,405,MMR
COD,Democratic Republic of the Congo,Sub-Saharan Africa,2001,588,MMR
GNQ,Equatorial Guinea,Sub-Saharan Africa,2001,388,MMR
ERI,Eritrea,Sub-Saharan Africa,2001,651,MMR
ETH,Ethiopia,Sub-Saharan Africa,2001,856,MMR
GAB,Gabon,Sub-Saharan Africa,2001,160,MMR
GMB,Gambia,Sub-Saharan Africa,2001,794,MMR
GHA,Ghana,Sub-Saharan Africa,2001,460,MMR
GIN,Guinea,Sub-Saharan Africa,2001,946,MMR
GNB,Guinea-Bissau,Sub-Saharan Africa,2001,1222,MMR
KEN,Kenya,Sub-Saharan Africa,2001,433,MMR
LSO,Lesotho,Sub-Saharan Africa,2001,465,MMR
LBR,Liberia,Sub-Saharan Africa,2001,720,MMR
MDG,Madagascar,Sub-Saharan Africa,2001,611,MMR
MWI,Malawi,Sub-Saharan Africa,2001,447,MMR
MLI,Mali,Sub-Saharan Africa,2001,694,MMR
MRT,Mauritania,Sub-Saharan Africa,2001,616,MMR
MUS,Mauritius,Sub-Saharan Africa,2001,42,MMR
MOZ,Mozambique,Sub-Saharan Africa,2001,450,MMR
NAM,Namibia,Sub-Saharan Africa,2001,376,MMR
NER,Niger,Sub-Saharan Africa,2001,843,MMR
NGA,Nigeria,Sub-Saharan Africa,2001,1130,MMR
RWA,Rwanda,Sub-Saharan Africa,2001,769,MMR
STP,Sao Tome and Principe,Sub-Saharan Africa,2001,178,MMR
SEN,Senegal,Sub-Saharan Africa,2001,560,MMR
SYC,Seychelles,Sub-Saharan Africa,2001,43,MMR
SLE,Sierra Leone,Sub-Saharan Africa,2001,1518,MMR
ZAF,South Africa,Sub-Saharan Africa,2001,192,MMR
SSD,South Sudan,Sub-Saharan Africa,2001,1580,MMR
SWZ,Eswatini,Sub-Saharan Africa,2001,307,MMR
TZA,United Republic of Tanzania,Sub-Saharan Africa,2001,493,MMR
TGO,Togo,Sub-Saharan Africa,2001,478,MMR
UGA,Uganda,Sub-Saharan Africa,2001,440,MMR
ZMB,Zambia,Sub-Saharan Africa,2001,306,MMR
ZWE,Zimbabwe,Sub-Saharan Africa,2001,467,MMR
AGO,Angola,Sub-Saharan Africa,2002,602,MMR
BEN,Benin,Sub-Saharan Africa,2002,534,MMR
BWA,Botswana,Sub-Saharan Africa,2002,140,MMR
BFA,Burkina Faso,Sub-Saharan Africa,2002,508,MMR
BDI,Burundi,Sub-Saharan Africa,2002,743,MMR
CPV,Cabo Verde,Sub-Saharan Africa,2002,92,MMR
CMR,Cameroon,Sub-Saharan Africa,2002,658,MMR
CAF,Central African Republic,Sub-Saharan Africa,2002,1496,MMR
TCD,Chad,Sub-Saharan Africa,2002,1199,MMR
COM,Comoros,Sub-Saharan Africa,2002,428,MMR
COG,Congo,Sub-Saharan Africa,2002,464,MMR
CIV,Côte d'Ivoire,Sub-Saharan Africa,2002,427,MMR
COD,Democratic Republic of the Congo,Sub-Saharan Africa,2002,601,MMR
GNQ,Equatorial Guinea,Sub-Saharan Africa,2002,364,MMR
ERI,Eritrea,Sub-Saharan Africa,2002,636,MMR
ETH,Ethiopia,Sub-Saharan Africa,2002,826,MMR
GAB,Gabon,Sub-Saharan Africa,2002,151,MMR
GMB,Gambia,Sub-Saharan Africa,2002,772,MMR
GHA,Ghana,Sub-Saharan Africa,2002,434,MMR
GIN,Guinea,Sub-Saharan Africa,2002,916,MMR
GNB,Guinea-Bissau,Sub-Saharan Africa,2002,1141,MMR
KEN,Kenya,Sub-Saharan Africa,2002,436,MMR
LSO,Lesotho,Sub-Saharan Africa,2002,484,MMR
LBR,Liberia,Sub-Saharan Africa,2002,700,MMR
MDG,Madagascar,Sub-Saharan Africa,2002,593,MMR
MWI,Malawi,Sub-Saharan Africa,2002,404,MMR
MLI,Mali,Sub-Saharan Africa,2002,649,MMR
MRT,Mauritania,Sub-Saharan Africa,2002,590,MMR
MUS,Mauritius,Sub-Saharan Africa,2002,42,MMR
MOZ,Mozambique,Sub-Saharan Africa,2002,375,MMR
NAM,Namibia,Sub-Saharan Africa,2002,313,MMR
NER,Niger,Sub-Saharan Africa,2002,835,MMR
NGA,Nigeria,Sub-Saharan Africa,2002,1117,MMR
RWA,Rwanda,Sub-Saharan Africa,2002,677,MMR
STP,Sao Tome and Principe,Sub-Saharan Africa,2002,179,MMR
SEN,Senegal,Sub-Saharan Africa,2002,531,MMR
SYC,Seychelles,Sub-Saharan Africa,2002,45,MMR
SLE,Sierra Leone,Sub-Saharan Africa,2002,1492,MMR
ZAF,South Africa,Sub-Saharan Africa,2002,225,MMR
SSD,South Sudan,Sub-Saharan Africa,2002,1521,MMR
SWZ,Eswatini,Sub-Saharan Africa,2002,331,MMR
TZA,United Republic of Tanzania,Sub-Saharan Africa,2002,454,MMR
TGO,Togo,Sub-Saharan Africa,2002,447,MMR
UGA,Uganda,Sub-Saharan Africa,2002,416,MMR
ZMB,Zambia,Sub-Saharan Africa,2002,274,MMR
ZWE,Zimbabwe,Sub-Saharan Africa,2002,418,MMR
AGO,Angola,Sub-Saharan Africa,2003,538,MMR
BEN,Benin,Sub-Saharan Africa,2003,532,MMR
BWA,Botswana,Sub-Saharan Africa,2003,142,MMR
BFA,Burkina Faso,Sub-Saharan Africa,2003,495,MMR
BDI,Burundi,Sub-Saharan Africa,2003,705,MMR
CPV,Cabo Verde,Sub-Saharan Africa,2003,86,MMR
CMR,Cameroon,Sub-Saharan Africa,2003,645,MMR
CAF,Central African Republic,Sub-Saharan Africa,2003,1487,MMR
TCD,Chad,Sub-Saharan Africa,2003,1170,MMR
COM,Comoros,Sub-Saharan Africa,2003,400,MMR
COG,Congo,Sub-Saharan Africa,2003,436,MMR
CIV,Côte d'Ivoire,Sub-Saharan Africa,2003,451,MMR
COD,Democratic Republic of the Congo,Sub-Saharan Africa,2003,605,MMR
GNQ,Equatorial Guinea,Sub-Saharan Africa,2003,343,MMR
ERI,Eritrea,Sub-Saharan Africa,2003,588,MMR
ETH,Ethiopia,Sub-Saharan Africa,2003,797,MMR
GAB,Gabon,Sub-Saharan Africa,2003,134,MMR
GMB,Gambia,Sub-Saharan Africa,2003,749,MMR
GHA,Ghana,Sub-Saharan Africa,2003,410,MMR
GIN,Guinea,Sub-Saharan Africa,2003,892,MMR
GNB,Guinea-Bissau,Sub-Saharan Africa,2003,1069,MMR
KEN,Kenya,Sub-Saharan Africa,2003,429,MMR
LSO,Lesotho,Sub-Saharan Africa,2003,508,MMR
LBR,Liberia,Sub-Saharan Africa,2003,759,MMR
MDG,Madagascar,Sub-Saharan Africa,2003,571,MMR
MWI,Malawi,Sub-Saharan Africa,2003,346,MMR
MLI,Mali,Sub-Saharan Africa,2003,616,MMR
MRT,Mauritania,Sub-Saharan Africa,2003,571,MMR
MUS,Mauritius,Sub-Saharan Africa,2003,42,MMR
MOZ,Mozambique,Sub-Saharan Africa,2003,338,MMR
NAM,Namibia,Sub-Saharan Africa,2003,290,MMR
NER,Niger,Sub-Saharan Africa,2003,813,MMR
NGA,Nigeria,Sub-Saharan Africa,2003,1090,MMR
RWA,Rwanda,Sub-Saharan Africa,2003,551,MMR
STP,Sao Tome and Principe,Sub-Saharan Africa,2003,178,MMR
SEN,Senegal,Sub-Saharan Africa,2003,520,MMR
SYC,Seychelles,Sub-Saharan Africa,2003,47,MMR
SLE,Sierra Leone,Sub-Saharan Africa,2003,1433,MMR
ZAF,South Africa,Sub-Saharan Africa,2003,245,MMR
SSD,South Sudan,Sub-Saharan Africa,2003,1199,MMR
SWZ,Eswatini,Sub-Saharan Africa,2003,392,MMR
TZA,United Republic of Tanzania,Sub-Saharan Africa,2003,397,MMR
TGO,Togo,Sub-Saharan Africa,2003,431,MMR
UGA,Uganda,Sub-Saharan Africa,2003,395,MMR
ZMB,Zambia,Sub-Saharan Africa,2003,250,MMR
ZWE,Zimbabwe,Sub-Saharan Africa,2003,455,MMR
AGO,Angola,Sub-Saharan Africa,2004,499,MMR
BEN,Benin,Sub-Saharan Africa,2004,531,MMR
BWA,Botswana,Sub-Saharan Africa,2004,151,MMR
BFA,Burkina Faso,Sub-Saharan Africa,2004,481,MMR
BDI,Burundi,Sub-Saharan Africa,2004,687,MMR
CPV,Cabo Verde,Sub-Saharan Africa,2004,80,MMR
CMR,Cameroon,Sub-Saharan Africa,2004,633,MMR
CAF,Central African Republic,Sub-Saharan Africa,2004,1450,MMR
TCD,Chad,Sub-Saharan Africa,2004,1167,MMR
COM,Comoros,Sub-Saharan Africa,2004,385,MMR
COG,Congo,Sub-Saharan Africa,2004,400,MMR
CIV,Côte d'Ivoire,Sub-Saharan Africa,2004,456,MMR
COD,Democratic Republic of the Congo,Sub-Saharan Africa,2004,607,MMR
GNQ,Equatorial Guinea,Sub-Saharan Africa,2004,323,MMR
ERI,Eritrea,Sub-Saharan Africa,2004,588,MMR
ETH,Ethiopia,Sub-Saharan Africa,2004,764,MMR
GAB,Gabon,Sub-Saharan Africa,2004,142,MMR
GMB,Gambia,Sub-Saharan Africa,2004,719,MMR
GHA,Ghana,Sub-Saharan Africa,2004,403,MMR
GIN,Guinea,Sub-Saharan Africa,2004,869,MMR
GNB,Guinea-Bissau,Sub-Saharan Africa,2004,980,MMR
KEN,Kenya,Sub-Saharan Africa,2004,426,MMR
LSO,Lesotho,Sub-Saharan Africa,2004,499,MMR
LBR,Liberia,Sub-Saharan Africa,2004,645,MMR
MDG,Madagascar,Sub-Saharan Africa,2004,555,MMR
MWI,Malawi,Sub-Saharan Africa,2004,304,MMR
MLI,Mali,Sub-Saharan Africa,2004,592,MMR
MRT,Mauritania,Sub-Saharan Africa,2004,557,MMR
MUS,Mauritius,Sub-Saharan Africa,2004,43,MMR
MOZ,Mozambique,Sub-Saharan Africa,2004,300,MMR
NAM,Namibia,Sub-Saharan Africa,2004,282,MMR
NER,Niger,Sub-Saharan Africa,2004,790,MMR
NGA,Nigeria,Sub-Saharan Africa,2004,1075,MMR
RWA,Rwanda,Sub-Saharan Africa,2004,460,MMR
STP,Sao Tome and Principe,Sub-Saharan Africa,2004,177,MMR
SEN,Senegal,Sub-Saharan Africa,2004,501,MMR
SYC,Seychelles,Sub-Saharan Africa,2004,52,MMR
SLE,Sierra Leone,Sub-Saharan Africa,2004,1366,MMR
ZAF,South Africa,Sub-Saharan Africa,2004,259,MMR
SSD,South Sudan,Sub-Saharan Africa,2004,1150,MMR
SWZ,Eswatini,Sub-Saharan Africa,2004,451,MMR
TZA,United Republic of Tanzania,Sub-Saharan Africa,2004,365,MMR
TGO,Togo,Sub-Saharan Africa,2004,431,MMR
UGA,Uganda,Sub-Saharan Africa,2004,384,MMR
ZMB,Zambia,Sub-Saharan Africa,2004,260,MMR
ZWE,Zimbabwe,Sub-Saharan Africa,2004,451,MMR
AGO,Angola,Sub-Saharan Africa,2005,462,MMR
BEN,Benin,Sub-Saharan Africa,2005,514,MMR
BWA,Botswana,Sub-Saharan Africa,2005,166,MMR
BFA,Burkina Faso,Sub-Saharan Africa,2005,467,MMR
BDI,Burundi,Sub-Saharan Africa,2005,685,MMR
CPV,Cabo Verde,Sub-Saharan Africa,2005,75,MMR
CMR,Cameroon,Sub-Saharan Africa,2005,629,MMR
CAF,Central African Republic,Sub-Saharan Africa,2005,1389,MMR
TCD,Chad,Sub-Saharan Africa,2005,1189,MMR
COM,Comoros,Sub-Saharan Africa,2005,373,MMR
COG,Congo,Sub-Saharan Africa,2005,385,MMR
CIV,Côte d'Ivoire,Sub-Saharan Africa,2005,492,MMR
COD,Democratic Republic of the Congo,Sub-Saharan Africa,2005,613,MMR
GNQ,Equatorial Guinea,Sub-Saharan Africa,2005,312,MMR
ERI,Eritrea,Sub-Saharan Africa,2005,567,MMR
ETH,Ethiopia,Sub-Saharan Africa,2005,754,MMR
GAB,Gabon,Sub-Saharan Africa,2005,175,MMR
GMB,Gambia,Sub-Saharan Africa,2005,707,MMR
GHA,Ghana,Sub-Saharan Africa,2005,390,MMR
GIN,Guinea,Sub-Saharan Africa,2005,843,MMR
GNB,Guinea-Bissau,Sub-Saharan Africa,2005,956,MMR
KEN,Kenya,Sub-Saharan Africa,2005,434,MMR
LSO,Lesotho,Sub-Saharan Africa,2005,549,MMR
LBR,Liberia,Sub-Saharan Africa,2005,619,MMR
MDG,Madagascar,Sub-Saharan Africa,2005,540,MMR
MWI,Malawi,Sub-Saharan Africa,2005,283,MMR
MLI,Mali,Sub-Saharan Africa,2005,577,MMR
MRT,Mauritania,Sub-Saharan Africa,2005,536,MMR
MUS,Mauritius,Sub-Saharan Africa,2005,43,MMR
MOZ,Mozambique,Sub-Saharan Africa,2005,279,MMR
NAM,Namibia,Sub-Saharan Africa,2005,344,MMR
NER,Niger,Sub-Saharan Africa,2005,764,MMR
NGA,Nigeria,Sub-Saharan Africa,2005,1060,MMR
RWA,Rwanda,Sub-Saharan Africa,2005,465,MMR
STP,Sao Tome and Principe,Sub-Saharan Africa,2005,181,MMR
SEN,Senegal,Sub-Saharan Africa,2005,488,MMR
SYC,Seychelles,Sub-Saharan Africa,2005,50,MMR
SLE,Sierra Leone,Sub-Saharan Africa,2005,1294,MMR
ZAF,South Africa,Sub-Saharan Africa,2005,279,MMR
SSD,South Sudan,Sub-Saharan Africa,2005,1074,MMR
SWZ,Eswatini,Sub-Saharan Africa,2005,529,MMR
TZA,United Republic of Tanzania,Sub-Saharan Africa,2005,350,MMR
TGO,Togo,Sub-Saharan Africa,2005,434,MMR
UGA,Uganda,Sub-Saharan Africa,2005,417,MMR
ZMB,Zambia,Sub-Saharan Africa,2005,264,MMR
ZWE,Zimbabwe,Sub-Saharan Africa,2005,454,MMR
AGO,Angola,Sub-Saharan Africa,2006,437,MMR
BEN,Benin,Sub-Saharan Africa,2006,509,MMR
BWA,Botswana,Sub-Saharan Africa,2006,204,MMR
BFA,Burkina Faso,Sub-Saharan Africa,2006,463,MMR
BDI,Burundi,Sub-Saharan Africa,2006,670,MMR
CPV,Cabo Verde,Sub-Saharan Africa,2006,76,MMR
CMR,Cameroon,Sub-Saharan Africa,2006,615,MMR
CAF,Central African Republic,Sub-Saharan Africa,2006,1337,MMR
TCD,Chad,Sub-Saharan Africa,2006,1220,MMR
COM,Comoros,Sub-Saharan Africa,2006,360,MMR
COG,Congo,Sub-Saharan Africa,2006,394,MMR
CIV,Côte d'Ivoire,Sub-Saharan Africa,2006,544,MMR
COD,Democratic Republic of the Congo,Sub-Saharan Africa,2006,619,MMR
GNQ,Equatorial Guinea,Sub-Saharan Africa,2006,299,MMR
ERI,Eritrea,Sub-Saharan Africa,2006,555,MMR
ETH,Ethiopia,Sub-Saharan Africa,2006,729,MMR
GAB,Gabon,Sub-Saharan Africa,2006,186,MMR
GMB,Gambia,Sub-Saharan Africa,2006,682,MMR
GHA,Ghana,Sub-Saharan Africa,2006,385,MMR
GIN,Guinea,Sub-Saharan Africa,2006,825,MMR
GNB,Guinea-Bissau,Sub-Saharan Africa,2006,831,MMR
KEN,Kenya,Sub-Saharan Africa,2006,450,MMR
LSO,Lesotho,Sub-Saharan Africa,2006,696,MMR
LBR,Liberia,Sub-Saharan Africa,2006,647,MMR
MDG,Madagascar,Sub-Saharan Africa,2006,528,MMR
MWI,Malawi,Sub-Saharan Africa,2006,286,MMR
MLI,Mali,Sub-Saharan Africa,2006,568,MMR
MRT,Mauritania,Sub-Saharan Africa,2006,521,MMR
MUS,Mauritius,Sub-Saharan Africa,2006,45,MMR
MOZ,Mozambique,Sub-Saharan Africa,2006,274,MMR
NAM,Namibia,Sub-Saharan Africa,2006,408,MMR
NER,Niger,Sub-Saharan Africa,2006,737,MMR
NGA,Nigeria,Sub-Saharan Africa,2006,1067,MMR
RWA,Rwanda,Sub-Saharan Africa,2006,494,MMR
STP,Sao Tome and Principe,Sub-Saharan Africa,2006,177,MMR
SEN,Senegal,Sub-Saharan Africa,2006,462,MMR
SYC,Seychelles,Sub-Saharan Africa,2006,51,MMR
SLE,Sierra Leone,Sub-Saharan Africa,2006,1168,MMR
ZAF,South Africa,Sub-Saharan Africa,2006,283,MMR
SSD,South Sudan,Sub-Saharan Africa,2006,1005,MMR
SWZ,Eswatini,Sub-Saharan Africa,2006,511,MMR
TZA,United Republic of Tanzania,Sub-Saharan Africa,2006,366,MMR
TGO,Togo,Sub-Saharan Africa,2006,453,MMR
UGA,Uganda,Sub-Saharan Africa,2006,409,MMR
ZMB,Zambia,Sub-Saharan Africa,2006,262,MMR
ZWE,Zimbabwe,Sub-Saharan Africa,2006,480,MMR
AGO,Angola,Sub-Saharan Africa,2007,401,MMR
BEN,Benin,Sub-Saharan Africa,2007,501,MMR
BWA,Botswana,Sub-Saharan Africa,2007,201,MMR
BFA,Burkina Faso,Sub-Saharan Africa,2007,453,MMR
BDI,Burundi,Sub-Saharan Africa,2007,655,MMR
CPV,Cabo Verde,Sub-Saharan Africa,2007,73,MMR
CMR,Cameroon,Sub-Saharan Africa,2007,605,MMR
CAF,Central African Republic,Sub-Saharan Africa,2007,1271,MMR
TCD,Chad,Sub-Saharan Africa,2007,1240,MMR
COM,Comoros,Sub-Saharan Africa,2007,352,MMR
COG,Congo,Sub-Saharan Africa,2007,370,MMR
CIV,Côte d'Ivoire,Sub-Saharan Africa,2007,567,MMR
COD,Democratic Republic of the Congo,Sub-Saharan Africa,2007,631,MMR
GNQ,Equatorial Guinea,Sub-Saharan Africa,2007,289,MMR
ERI,Eritrea,Sub-Saharan Africa,2007,541,MMR
ETH,Ethiopia,Sub-Saharan Africa,2007,704,MMR
GAB,Gabon,Sub-Saharan Africa,2007,173,MMR
GMB,Gambia,Sub-Saharan Africa,2007,675,MMR
GHA,Ghana,Sub-Saharan Africa,2007,377,MMR
GIN,Guinea,Sub-Saharan Africa,2007,802,MMR
GNB,Guinea-Bissau,Sub-Saharan Africa,2007,792,MMR
KEN,Kenya,Sub-Saharan Africa,2007,475,MMR
LSO,Lesotho,Sub-Saharan Africa,2007,891,MMR
LBR,Liberia,Sub-Saharan Africa,2007,659,MMR
MDG,Madagascar,Sub-Saharan Africa,2007,522,MMR
MWI,Malawi,Sub-Saharan Africa,2007,333,MMR
MLI,Mali,Sub-Saharan Africa,2007,574,MMR
MRT,Mauritania,Sub-Saharan Africa,2007,516,MMR
MUS,Mauritius,Sub-Saharan Africa,2007,46,MMR
MOZ,Mozambique,Sub-Saharan Africa,2007,297,MMR
NAM,Namibia,Sub-Saharan Africa,2007,489,MMR
NER,Niger,Sub-Saharan Africa,2007,704,MMR
NGA,Nigeria,Sub-Saharan Africa,2007,1063,MMR
RWA,Rwanda,Sub-Saharan Africa,2007,494,MMR
STP,Sao Tome and Principe,Sub-Saharan Africa,2007,174,MMR
SEN,Senegal,Sub-Saharan Africa,2007,457,MMR
SYC,Seychelles,Sub-Saharan Africa,2007,52,MMR
SLE,Sierra Leone,Sub-Saharan Africa,2007,1132,MMR
ZAF,South Africa,Sub-Saharan Africa,2007,272,MMR
SSD,South Sudan,Sub-Saharan Africa,2007,933,MMR
SWZ,Eswatini,Sub-Saharan Africa,2007,647,MMR
TZA,United Republic of Tanzania,Sub-Saharan Africa,2007,453,MMR
TGO,Togo,Sub-Saharan Africa,2007,448,MMR
UGA,Uganda,Sub-Saharan Africa,2007,345,MMR
ZMB,Zambia,Sub-Saharan Africa,2007,324,MMR
ZWE,Zimbabwe,Sub-Saharan Africa,2007,519,MMR
AGO,Angola,Sub-Saharan Africa,2008,372,MMR
BEN,Benin,Sub-Saharan Africa,2008,563,MMR
BWA,Botswana,Sub-Saharan Africa,2008,199,MMR
BFA,Burkina Faso,Sub-Saharan Africa,2008,429,MMR
BDI,Burundi,Sub-Saharan Africa,2008,635,MMR
CPV,Cabo Verde,Sub-Saharan Africa,2008,68,MMR
CMR,Cameroon,Sub-Saharan Africa,2008,592,MMR
CAF,Central African Republic,Sub-Saharan Africa,2008,1234,MMR
TCD,Chad,Sub-Saharan Africa,2008,1264,MMR
COM,Comoros,Sub-Saharan Africa,2008,334,MMR
COG,Congo,Sub-Saharan Africa,2008,395,MMR
CIV,Côte d'Ivoire,Sub-Saharan Africa,2008,562,MMR
COD,Democratic Republic of the Congo,Sub-Saharan Africa,2008,620,MMR
GNQ,Equatorial Guinea,Sub-Saharan Africa,2008,276,MMR
ERI,Eritrea,Sub-Saharan Africa,2008,530,MMR
ETH,Ethiopia,Sub-Saharan Africa,2008,678,MMR
GAB,Gabon,Sub-Saharan Africa,2008,158,MMR
GMB,Gambia,Sub-Saharan Africa,2008,653,MMR
GHA,Ghana,Sub-Saharan Africa,2008,380,MMR
GIN,Guinea,Sub-Saharan Africa,2008,772,MMR
GNB,Guinea-Bissau,Sub-Saharan Africa,2008,802,MMR
KEN,Kenya,Sub-Saharan Africa,2008,484,MMR
LSO,Lesotho,Sub-Saharan Africa,2008,1205,MMR
LBR,Liberia,Sub-Saharan Africa,2008,663,MMR
MDG,Madagascar,Sub-Saharan Africa,2008,510,MMR
MWI,Malawi,Sub-Saharan Africa,2008,430,MMR
MLI,Mali,Sub-Saharan Africa,2008,573,MMR
MRT,Mauritania,Sub-Saharan Africa,2008,506,MMR
MUS,Mauritius,Sub-Saharan Africa,2008,48,MMR
MOZ,Mozambique,Sub-Saharan Africa,2008,328,MMR
NAM,Namibia,Sub-Saharan Africa,2008,537,MMR
NER,Niger,Sub-Saharan Africa,2008,669,MMR
NGA,Nigeria,Sub-Saharan Africa,2008,1081,MMR
RWA,Rwanda,Sub-Saharan Africa,2008,454,MMR
STP,Sao Tome and Principe,Sub-Saharan Africa,2008,174,MMR
SEN,Senegal,Sub-Saharan Africa,2008,463,MMR
SYC,Seychelles,Sub-Saharan Africa,2008,51,MMR
SLE,Sierra Leone,Sub-Saharan Africa,2008,1093,MMR
ZAF,South Africa,Sub-Saharan Africa,2008,272,MMR
SSD,South Sudan,Sub-Saharan Africa,2008,858,MMR
SWZ,Eswatini,Sub-Saharan Africa,2008,766,MMR
TZA,United Republic of Tanzania,Sub-Saharan Africa,2008,511,MMR
TGO,Togo,Sub-Saharan Africa,2008,457,MMR
UGA,Uganda,Sub-Saharan Africa,2008,324,MMR
ZMB,Zambia,Sub-Saharan Africa,2008,394,MMR
ZWE,Zimbabwe,Sub-Saharan Africa,2008,526,MMR
AGO,Angola,Sub-Saharan Africa,2009,348,MMR
BEN,Benin,Sub-Saharan Africa,2009,598,MMR
BWA,Botswana,Sub-Saharan Africa,2009,213,MMR
BFA,Burkina Faso,Sub-Saharan Africa,2009,419,MMR
BDI,Burundi,Sub-Saharan Africa,2009,612,MMR
CPV,Cabo Verde,Sub-Saharan Africa,2009,62,MMR
CMR,Cameroon,Sub-Saharan Africa,2009,579,MMR
CAF,Central African Republic,Sub-Saharan Africa,2009,1272,MMR
TCD,Chad,Sub-Saharan Africa,2009,1285,MMR
COM,Comoros,Sub-Saharan Africa,2009,320,MMR
COG,Congo,Sub-Saharan Africa,2009,414,MMR
CIV,Côte d'Ivoire,Sub-Saharan Africa,2009,588,MMR
COD,Democratic Republic of the Congo,Sub-Saharan Africa,2009,608,MMR
GNQ,Equatorial Guinea,Sub-Saharan Africa,2009,267,MMR
ERI,Eritrea,Sub-Saharan Africa,2009,515,MMR
ETH,Ethiopia,Sub-Saharan Africa,2009,649,MMR
GAB,Gabon,Sub-Saharan Africa,2009,158,MMR
GMB,Gambia,Sub-Saharan Africa,2009,634,MMR
GHA,Ghana,Sub-Saharan Africa,2009,369,MMR
GIN,Guinea,Sub-Saharan Africa,2009,766,MMR
GNB,Guinea-Bissau,Sub-Saharan Africa,2009,753,MMR
KEN,Kenya,Sub-Saharan Africa,2009,498,MMR
LSO,Lesotho,Sub-Saharan Africa,2009,1387,MMR
LBR,Liberia,Sub-Saharan Africa,2009,674,MMR
MDG,Madagascar,Sub-Saharan Africa,2009,507,MMR
MWI,Malawi,Sub-Saharan Africa,2009,512,MMR
MLI,Mali,Sub-Saharan Africa,2009,565,MMR
MRT,Mauritania,Sub-Saharan Africa,2009,500,MMR
MUS,Mauritius,Sub-Saharan Africa,2009,51,MMR
MOZ,Mozambique,Sub-Saharan Africa,2009,313,MMR
NAM,Namibia,Sub-Saharan Africa,2009,547,MMR
NER,Niger,Sub-Saharan Africa,2009,647,MMR
NGA,Nigeria,Sub-Saharan Africa,2009,1088,MMR
RWA,Rwanda,Sub-Saharan Africa,2009,418,MMR
STP,Sao Tome and Principe,Sub-Saharan Africa,2009,172,MMR
SEN,Senegal,Sub-Saharan Africa,2009,441,MMR
SYC,Seychelles,Sub-Saharan Africa,2009,51,MMR
SLE,Sierra Leone,Sub-Saharan Africa,2009,1054,MMR
ZAF,South Africa,Sub-Saharan Africa,2009,241,MMR
SSD,South Sudan,Sub-Saharan Africa,2009,823,MMR
SWZ,Eswatini,Sub-Saharan Africa,2009,855,MMR
TZA,United Republic of Tanzania,Sub-Saharan Africa,2009,502,MMR
TGO,Togo,Sub-Saharan Africa,2009,471,MMR
UGA,Uganda,Sub-Saharan Africa,2009,322,MMR
ZMB,Zambia,Sub-Saharan Africa,2009,406,MMR
ZWE,Zimbabwe,Sub-Saharan Africa,2009,540,MMR
AGO,Angola,Sub-Saharan Africa,2010,321,MMR
BEN,Benin,Sub-Saharan Africa,2010,607,MMR
BWA,Botswana,Sub-Saharan Africa,2010,228,MMR
BFA,Burkina Faso,Sub-Saharan Africa,2010,404,MMR
BDI,Burundi,Sub-Saharan Africa,2010,614,MMR
CPV,Cabo Verde,Sub-Saharan Africa,2010,61,MMR
CMR,Cameroon,Sub-Saharan Africa,2010,562,MMR
CAF,Central African Republic,Sub-Saharan Africa,2010,1230,MMR
TCD,Chad,Sub-Saharan Africa,2010,1284,MMR
COM,Comoros,Sub-Saharan Africa,2010,305,MMR
COG,Congo,Sub-Saharan Africa,2010,382,MMR
CIV,Côte d'Ivoire,Sub-Saharan Africa,2010,592,MMR
COD,Democratic Republic of the Congo,Sub-Saharan Africa,2010,601,MMR
GNQ,Equatorial Guinea,Sub-Saharan Africa,2010,259,MMR
ERI,Eritrea,Sub-Saharan Africa,2010,498,MMR
ETH,Ethiopia,Sub-Saharan Africa,2010,619,MMR
GAB,Gabon,Sub-Saharan Africa,2010,144,MMR
GMB,Gambia,Sub-Saharan Africa,2010,632,MMR
GHA,Ghana,Sub-Saharan Africa,2010,363,MMR
GIN,Guinea,Sub-Saharan Africa,2010,750,MMR
GNB,Guinea-Bissau,Sub-Saharan Africa,2010,698,MMR
KEN,Kenya,Sub-Saharan Africa,2010,498,MMR
LSO,Lesotho,Sub-Saharan Africa,2010,1311,MMR
LBR,Liberia,Sub-Saharan Africa,2010,712,MMR
MDG,Madagascar,Sub-Saharan Africa,2010,500,MMR
MWI,Malawi,Sub-Saharan Africa,2010,517,MMR
MLI,Mali,Sub-Saharan Africa,2010,558,MMR
MRT,Mauritania,Sub-Saharan Africa,2010,499,MMR
MUS,Mauritius,Sub-Saharan Africa,2010,53,MMR
MOZ,Mozambique,Sub-Saharan Africa,2010,271,MMR
NAM,Namibia,Sub-Saharan Africa,2010,531,MMR
NER,Niger,Sub-Saharan Africa,2010,621,MMR
NGA,Nigeria,Sub-Saharan Africa,2010,1094,MMR
RWA,Rwanda,Sub-Saharan Africa,2010,393,MMR
STP,Sao Tome and Principe,Sub-Saharan Africa,2010,170,MMR
SEN,Senegal,Sub-Saharan Africa,2010,436,MMR
SYC,Seychelles,Sub-Saharan Africa,2010,50,MMR
SLE,Sierra Leone,Sub-Saharan Africa,2010,1018,MMR
ZAF,South Africa,Sub-Saharan Africa,2010,226,MMR
SSD,South Sudan,Sub-Saharan Africa,2010,776,MMR
SWZ,Eswatini,Sub-Saharan Africa,2010,752,MMR
TZA,United Republic of Tanzania,Sub-Saharan Africa,2010,486,MMR
TGO,Togo,Sub-Saharan Africa,2010,497,MMR
UGA,Uganda,Sub-Saharan Africa,2010,304,MMR
ZMB,Zambia,Sub-Saharan Africa,2010,332,MMR
ZWE,Zimbabwe,Sub-Saharan Africa,2010,567,MMR
AGO,Angola,Sub-Saharan Africa,2011,301,MMR
BEN,Benin,Sub-Saharan Africa,2011,613,MMR
BWA,Botswana,Sub-Saharan Africa,2011,269,MMR
BFA,Burkina Faso,Sub-Saharan Africa,2011,388,MMR
BDI,Burundi,Sub-Saharan Africa,2011,597,MMR
CPV,Cabo Verde,Sub-Saharan Africa,2011,55,MMR
CMR,Cameroon,Sub-Saharan Africa,2011,541,MMR
CAF,Central African Republic,Sub-Saharan Africa,2011,1131,MMR
TCD,Chad,Sub-Saharan Africa,2011,1264,MMR
COM,Comoros,Sub-Saharan Africa,2011,291,MMR
COG,Congo,Sub-Saharan Africa,2011,378,MMR
CIV,Côte d'Ivoire,Sub-Saharan Africa,2011,569,MMR
COD,Democratic Republic of the Congo,Sub-Saharan Africa,2011,589,MMR
GNQ,Equatorial Guinea,Sub-Saharan Africa,2011,254,MMR
ERI,Eritrea,Sub-Saharan Africa,2011,478,MMR
ETH,Ethiopia,Sub-Saharan Africa,2011,588,MMR
GAB,Gabon,Sub-Saharan Africa,2011,149,MMR
GMB,Gambia,Sub-Saharan Africa,2011,634,MMR
GHA,Ghana,Sub-Saharan Africa,2011,356,MMR
GIN,Guinea,Sub-Saharan Africa,2011,728,MMR
GNB,Guinea-Bissau,Sub-Saharan Africa,2011,678,MMR
KEN,Kenya,Sub-Saharan Africa,2011,495,MMR
LSO,Lesotho,Sub-Saharan Africa,2011,1210,MMR
LBR,Liberia,Sub-Saharan Africa,2011,726,MMR
MDG,Madagascar,Sub-Saharan Africa,2011,492,MMR
MWI,Malawi,Sub-Saharan Africa,2011,486,MMR
MLI,Mali,Sub-Saharan Africa,2011,553,MMR
MRT,Mauritania,Sub-Saharan Africa,2011,494,MMR
MUS,Mauritius,Sub-Saharan Africa,2011,55,MMR
MOZ,Mozambique,Sub-Saharan Africa,2011,237,MMR
NAM,Namibia,Sub-Saharan Africa,2011,498,MMR
NER,Niger,Sub-Saharan Africa,2011,585,MMR
NGA,Nigeria,Sub-Saharan Africa,2011,1108,MMR
RWA,Rwanda,Sub-Saharan Africa,2011,358,MMR
STP,Sao Tome and Principe,Sub-Saharan Africa,2011,164,MMR
SEN,Senegal,Sub-Saharan Africa,2011,415,MMR
SYC,Seychelles,Sub-Saharan Africa,2011,50,MMR
SLE,Sierra Leone,Sub-Saharan Africa,2011,967,MMR
ZAF,South Africa,Sub-Saharan Africa,2011,202,MMR
SSD,South Sudan,Sub-Saharan Africa,2011,770,MMR
SWZ,Eswatini,Sub-Saharan Africa,2011,765,MMR
TZA,United Republic of Tanzania,Sub-Saharan Africa,2011,475,MMR
TGO,Togo,Sub-Saharan Africa,2011,501,MMR
UGA,Uganda,Sub-Saharan Africa,2011,295,MMR
ZMB,Zambia,Sub-Saharan Africa,2011,291,MMR
ZWE,Zimbabwe,Sub-Saharan Africa,2011,564,MMR
AGO,Angola,Sub-Saharan Africa,2012,278,MMR
BEN,Benin,Sub-Saharan Africa,2012,618,MMR
BWA,Botswana,Sub-Saharan Africa,2012,288,MMR
BFA,Burkina Faso,Sub-Saharan Africa,2012,376,MMR
BDI,Burundi,Sub-Saharan Africa,2012,575,MMR
CPV,Cabo Verde,Sub-Saharan Africa,2012,51,MMR
CMR,Cameroon,Sub-Saharan Africa,2012,500,MMR
CAF,Central African Republic,Sub-Saharan Africa,2012,1092,MMR
TCD,Chad,Sub-Saharan Africa,2012,1245,MMR
COM,Comoros,Sub-Saharan Africa,2012,274,MMR
COG,Congo,Sub-Saharan Africa,2012,374,MMR
CIV,Côte d'Ivoire,Sub-Saharan Africa,2012,566,MMR
COD,Democratic Republic of the Congo,Sub-Saharan Africa,2012,578,MMR
GNQ,Equatorial Guinea,Sub-Saharan Africa,2012,245,MMR
ERI,Eritrea,Sub-Saharan Africa,2012,458,MMR
ETH,Ethiopia,Sub-Saharan Africa,2012,545,MMR
GAB,Gabon,Sub-Saharan Africa,2012,173,MMR
GMB,Gambia,Sub-Saharan Africa,2012,628,MMR
GHA,Ghana,Sub-Saharan Africa,2012,351,MMR
GIN,Guinea,Sub-Saharan Africa,2012,703,MMR
GNB,Guinea-Bissau,Sub-Saharan Africa,2012,704,MMR
KEN,Kenya,Sub-Saharan Africa,2012,497,MMR
LSO,Lesotho,Sub-Saharan Africa,2012,1000,MMR
LBR,Liberia,Sub-Saharan Africa,2012,728,MMR
MDG,Madagascar,Sub-Saharan Africa,2012,487,MMR
MWI,Malawi,Sub-Saharan Africa,2012,447,MMR
MLI,Mali,Sub-Saharan Africa,2012,549,MMR
MRT,Mauritania,Sub-Saharan Africa,2012,496,MMR
MUS,Mauritius,Sub-Saharan Africa,2012,55,MMR
MOZ,Mozambique,Sub-Saharan Africa,2012,191,MMR
NAM,Namibia,Sub-Saharan Africa,2012,439,MMR
NER,Niger,Sub-Saharan Africa,2012,554,MMR
NGA,Nigeria,Sub-Saharan Africa,2012,1124,MMR
RWA,Rwanda,Sub-Saharan Africa,2012,331,MMR
STP,Sao Tome and Principe,Sub-Saharan Africa,2012,158,MMR
SEN,Senegal,Sub-Saharan Africa,2012,405,MMR
SYC,Seychelles,Sub-Saharan Africa,2012,49,MMR
SLE,Sierra Leone,Sub-Saharan Africa,2012,915,MMR
ZAF,South Africa,Sub-Saharan Africa,2012,194,MMR
SSD,South Sudan,Sub-Saharan Africa,2012,755,MMR
SWZ,Eswatini,Sub-Saharan Africa,2012,613,MMR
TZA,United Republic of Tanzania,Sub-Saharan Africa,2012,448,MMR
TGO,Togo,Sub-Saharan Africa,2012,506,MMR
UGA,Uganda,Sub-Saharan Africa,2012,285,MMR
ZMB,Zambia,Sub-Saharan Africa,2012,256,MMR
ZWE,Zimbabwe,Sub-Saharan Africa,2012,558,MMR
AGO,Angola,Sub-Saharan Africa,2013,267,MMR
BEN,Benin,Sub-Saharan Africa,2013,607,MMR
BWA,Botswana,Sub-Saharan Africa,2013,221,MMR
BFA,Burkina Faso,Sub-Saharan Africa,2013,361,MMR
BDI,Burundi,Sub-Saharan Africa,2013,555,MMR
CPV,Cabo Verde,Sub-Saharan Africa,2013,50,MMR
CMR,Cameroon,Sub-Saharan Africa,2013,469,MMR
CAF,Central African Republic,Sub-Saharan Africa,2013,1092,MMR
TCD,Chad,Sub-Saharan Africa,2013,1216,MMR
COM,Comoros,Sub-Saharan Africa,2013,260,MMR
COG,Congo,Sub-Saharan Africa,2013,320,MMR
CIV,Côte d'Ivoire,Sub-Saharan Africa,2013,544,MMR
COD,Democratic Republic of the Congo,Sub-Saharan Africa,2013,567,MMR
GNQ,Equatorial Guinea,Sub-Saharan Africa,2013,236,MMR
ERI,Eritrea,Sub-Saharan Africa,2013,443,MMR
ETH,Ethiopia,Sub-Saharan Africa,2013,494,MMR
GAB,Gabon,Sub-Saharan Africa,2013,235,MMR
GMB,Gambia,Sub-Saharan Africa,2013,606,MMR
GHA,Ghana,Sub-Saharan Africa,2013,338,MMR
GIN,Guinea,Sub-Saharan Africa,2013,682,MMR
GNB,Guinea-Bissau,Sub-Saharan Africa,2013,707,MMR
KEN,Kenya,Sub-Saharan Africa,2013,485,MMR
LSO,Lesotho,Sub-Saharan Africa,2013,855,MMR
LBR,Liberia,Sub-Saharan Africa,2013,725,MMR
MDG,Madagascar,Sub-Saharan Africa,2013,481,MMR
MWI,Malawi,Sub-Saharan Africa,2013,410,MMR
MLI,Mali,Sub-Saharan Africa,2013,525,MMR
MRT,Mauritania,Sub-Saharan Africa,2013,496,MMR
MUS,Mauritius,Sub-Saharan Africa,2013,58,MMR
MOZ,Mozambique,Sub-Saharan Africa,2013,170,MMR
NAM,Namibia,Sub-Saharan Africa,2013,402,MMR
NER,Niger,Sub-Saharan Africa,2013,526,MMR
NGA,Nigeria,Sub-Saharan Africa,2013,1146,MMR
RWA,Rwanda,Sub-Saharan Africa,2013,317,MMR
STP,Sao Tome and Principe,Sub-Saharan Africa,2013,150,MMR
SEN,Senegal,Sub-Saharan Africa,2013,385,MMR
SYC,Seychelles,Sub-Saharan Africa,2013,48,MMR
SLE,Sierra Leone,Sub-Saharan Africa,2013,842,MMR
ZAF,South Africa,Sub-Saharan Africa,2013,180,MMR
SSD,South Sudan,Sub-Saharan Africa,2013,771,MMR
SWZ,Eswatini,Sub-Saharan Africa,2013,491,MMR
TZA,United Republic of Tanzania,Sub-Saharan Africa,2013,479,MMR
TGO,Togo,Sub-Saharan Africa,2013,500,MMR
UGA,Uganda,Sub-Saharan Africa,2013,308,MMR
ZMB,Zambia,Sub-Saharan Africa,2013,213,MMR
ZWE,Zimbabwe,Sub-Saharan Africa,2013,525,MMR
AGO,Angola,Sub-Saharan Africa,2014,262,MMR
BEN,Benin,Sub-Saharan Africa,2014,605,MMR
BWA,Botswana,Sub-Saharan Africa,2014,212,MMR
BFA,Burkina Faso,Sub-Saharan Africa,2014,344,MMR
BDI,Burundi,Sub-Saharan Africa,2014,533,MMR
CPV,Cabo Verde,Sub-Saharan Africa,2014,48,MMR
CMR,Cameroon,Sub-Saharan Africa,2014,440,MMR
CAF,Central African Republic,Sub-Saharan Africa,2014,1034,MMR
TCD,Chad,Sub-Saharan Africa,2014,1198,MMR
COM,Comoros,Sub-Saharan Africa,2014,247,MMR
COG,Congo,Sub-Saharan Africa,2014,302,MMR
CIV,Côte d'Ivoire,Sub-Saharan Africa,2014,522,MMR
COD,Democratic Republic of the Congo,Sub-Saharan Africa,2014,558,MMR
GNQ,Equatorial Guinea,Sub-Saharan Africa,2014,227,MMR
ERI,Eritrea,Sub-Saharan Africa,2014,430,MMR
ETH,Ethiopia,Sub-Saharan Africa,2014,444,MMR
GAB,Gabon,Sub-Saharan Africa,2014,273,MMR
GMB,Gambia,Sub-Saharan Africa,2014,561,MMR
GHA,Ghana,Sub-Saharan Africa,2014,317,MMR
GIN,Guinea,Sub-Saharan Africa,2014,664,MMR
GNB,Guinea-Bissau,Sub-Saharan Africa,2014,662,MMR
KEN,Kenya,Sub-Saharan Africa,2014,472,MMR
LSO,Lesotho,Sub-Saharan Africa,2014,707,MMR
LBR,Liberia,Sub-Saharan Africa,2014,801,MMR
MDG,Madagascar,Sub-Saharan Africa,2014,477,MMR
MWI,Malawi,Sub-Saharan Africa,2014,367,MMR
MLI,Mali,Sub-Saharan Africa,2014,507,MMR
MRT,Mauritania,Sub-Saharan Africa,2014,484,MMR
MUS,Mauritius,Sub-Saharan Africa,2014,60,MMR
MOZ,Mozambique,Sub-Saharan Africa,2014,180,MMR
NAM,Namibia,Sub-Saharan Africa,2014,369,MMR
NER,Niger,Sub-Saharan Africa,2014,497,MMR
NGA,Nigeria,Sub-Saharan Africa,2014,1155,MMR
RWA,Rwanda,Sub-Saharan Africa,2014,301,MMR
STP,Sao Tome and Principe,Sub-Saharan Africa,2014,138,MMR
SEN,Senegal,Sub-Saharan Africa,2014,373,MMR
SYC,Seychelles,Sub-Saharan Africa,2014,46,MMR
SLE,Sierra Leone,Sub-Saharan Africa,2014,821,MMR
ZAF,South Africa,Sub-Saharan Africa,2014,162,MMR
SSD,South Sudan,Sub-Saharan Africa,2014,1216,MMR
SWZ,Eswatini,Sub-Saharan Africa,2014,369,MMR
TZA,United Republic of Tanzania,Sub-Saharan Africa,2014,454,MMR
TGO,Togo,Sub-Saharan Africa,2014,490,MMR
UGA,Uganda,Sub-Saharan Africa,2014,311,MMR
ZMB,Zambia,Sub-Saharan Africa,2014,174,MMR
ZWE,Zimbabwe,Sub-Saharan Africa,2014,468,MMR
AGO,Angola,Sub-Saharan Africa,2015,249,MMR
BEN,Benin,Sub-Saharan Africa,2015,606,MMR
BWA,Botswana,Sub-Saharan Africa,2015,141,MMR
BFA,Burkina Faso,Sub-Saharan Africa,2015,328,MMR
BDI,Burundi,Sub-Saharan Africa,2015,525,MMR
CPV,Cabo Verde,Sub-Saharan Africa,2015,46,MMR
CMR,Cameroon,Sub-Saharan Africa,2015,417,MMR
CAF,Central African Republic,Sub-Saharan Africa,2015,981,MMR
TCD,Chad,Sub-Saharan Africa,2015,1176,MMR
COM,Comoros,Sub-Saharan Africa,2015,237,MMR
COG,Congo,Sub-Saharan Africa,2015,284,MMR
CIV,Côte d'Ivoire,Sub-Saharan Africa,2015,505,MMR
COD,Democratic Republic of the Congo,Sub-Saharan Africa,2015,545,MMR
GNQ,Equatorial Guinea,Sub-Saharan Africa,2015,222,MMR
ERI,Eritrea,Sub-Saharan Africa,2015,413,MMR
ETH,Ethiopia,Sub-Saharan Africa,2015,401,MMR
GAB,Gabon,Sub-Saharan Africa,2015,239,MMR
GMB,Gambia,Sub-Saharan Africa,2015,527,MMR
GHA,Ghana,Sub-Saharan Africa,2015,310,MMR
GIN,Guinea,Sub-Saharan Africa,2015,642,MMR
GNB,Guinea-Bissau,Sub-Saharan Africa,2015,631,MMR
KEN,Kenya,Sub-Saharan Africa,2015,453,MMR
LSO,Lesotho,Sub-Saharan Africa,2015,594,MMR
LBR,Liberia,Sub-Saharan Africa,2015,784,MMR
MDG,Madagascar,Sub-Saharan Africa,2015,474,MMR
MWI,Malawi,Sub-Saharan Africa,2015,354,MMR
MLI,Mali,Sub-Saharan Africa,2015,490,MMR
MRT,Mauritania,Sub-Saharan Africa,2015,469,MMR
MUS,Mauritius,Sub-Saharan Africa,2015,61,MMR
MOZ,Mozambique,Sub-Saharan Africa,2015,182,MMR
NAM,Namibia,Sub-Saharan Africa,2015,307,MMR
NER,Niger,Sub-Saharan Africa,2015,473,MMR
NGA,Nigeria,Sub-Saharan Africa,2015,1168,MMR
RWA,Rwanda,Sub-Saharan Africa,2015,292,MMR
STP,Sao Tome and Principe,Sub-Saharan Africa,2015,128,MMR
SEN,Senegal,Sub-Saharan Africa,2015,357,MMR
SYC,Seychelles,Sub-Saharan Africa,2015,46,MMR
SLE,Sierra Leone,Sub-Saharan Africa,2015,730,MMR
ZAF,South Africa,Sub-Saharan Africa,2015,150,MMR
SSD,South Sudan,Sub-Saharan Africa,2015,1436,MMR
SWZ,Eswatini,Sub-Saharan Africa,2015,283,MMR
TZA,United Republic of Tanzania,Sub-Saharan Africa,2015,433,MMR
TGO,Togo,Sub-Saharan Africa,2015,470,MMR
UGA,Uganda,Sub-Saharan Africa,2015,299,MMR
ZMB,Zambia,Sub-Saharan Africa,2015,154,MMR
ZWE,Zimbabwe,Sub-Saharan Africa,2015,428,MMR
AGO,Angola,Sub-Saharan Africa,2016,236,MMR
BEN,Benin,Sub-Saharan Africa,2016,604,MMR
BWA,Botswana,Sub-Saharan Africa,2016,72,MMR
BFA,Burkina Faso,Sub-Saharan Africa,2016,313,MMR
BDI,Burundi,Sub-Saharan Africa,2016,501,MMR
CPV,Cabo Verde,Sub-Saharan Africa,2016,44,MMR
CMR,Cameroon,Sub-Saharan Africa,2016,393,MMR
CAF,Central African Republic,Sub-Saharan Africa,2016,962,MMR
TCD,Chad,Sub-Saharan Africa,2016,1133,MMR
COM,Comoros,Sub-Saharan Africa,2016,225,MMR
COG,Congo,Sub-Saharan Africa,2016,263,MMR
CIV,Côte d'Ivoire,Sub-Saharan Africa,2016,488,MMR
COD,Democratic Republic of the Congo,Sub-Saharan Africa,2016,526,MMR
GNQ,Equatorial Guinea,Sub-Saharan Africa,2016,216,MMR
ERI,Eritrea,Sub-Saharan Africa,2016,395,MMR
ETH,Ethiopia,Sub-Saharan Africa,2016,364,MMR
GAB,Gabon,Sub-Saharan Africa,2016,215,MMR
GMB,Gambia,Sub-Saharan Africa,2016,490,MMR
GHA,Ghana,Sub-Saharan Africa,2016,296,MMR
GIN,Guinea,Sub-Saharan Africa,2016,606,MMR
GNB,Guinea-Bissau,Sub-Saharan Africa,2016,617,MMR
KEN,Kenya,Sub-Saharan Africa,2016,441,MMR
LSO,Lesotho,Sub-Saharan Africa,2016,518,MMR
LBR,Liberia,Sub-Saharan Africa,2016,690,MMR
MDG,Madagascar,Sub-Saharan Africa,2016,470,MMR
MWI,Malawi,Sub-Saharan Africa,2016,312,MMR
MLI,Mali,Sub-Saharan Africa,2016,472,MMR
MRT,Mauritania,Sub-Saharan Africa,2016,456,MMR
MUS,Mauritius,Sub-Saharan Africa,2016,62,MMR
MOZ,Mozambique,Sub-Saharan Africa,2016,170,MMR
NAM,Namibia,Sub-Saharan Africa,2016,250,MMR
NER,Niger,Sub-Saharan Africa,2016,450,MMR
NGA,Nigeria,Sub-Saharan Africa,2016,1155,MMR
RWA,Rwanda,Sub-Saharan Africa,2016,278,MMR
STP,Sao Tome and Principe,Sub-Saharan Africa,2016,119,MMR
SEN,Senegal,Sub-Saharan Africa,2016,345,MMR
SYC,Seychelles,Sub-Saharan Africa,2016,47,MMR
SLE,Sierra Leone,Sub-Saharan Africa,2016,633,MMR
ZAF,South Africa,Sub-Saharan Africa,2016,141,MMR
SSD,South Sudan,Sub-Saharan Africa,2016,1629,MMR
SWZ,Eswatini,Sub-Saharan Africa,2016,213,MMR
TZA,United Republic of Tanzania,Sub-Saharan Africa,2016,396,MMR
TGO,Togo,Sub-Saharan Africa,2016,460,MMR
UGA,Uganda,Sub-Saharan Africa,2016,272,MMR
ZMB,Zambia,Sub-Saharan Africa,2016,158,MMR
ZWE,Zimbabwe,Sub-Saharan Africa,2016,411,MMR
AGO,Angola,Sub-Saharan Africa,2017,220,MMR
BEN,Benin,Sub-Saharan Africa,2017,592,MMR
BWA,Botswana,Sub-Saharan Africa,2017,46,MMR
BFA,Burkina Faso,Sub-Saharan Africa,2017,298,MMR
BDI,Burundi,Sub-Saharan Africa,2017,482,MMR
CPV,Cabo Verde,Sub-Saharan Africa,2017,43,MMR
CMR,Cameroon,Sub-Saharan Africa,2017,372,MMR
CAF,Central African Republic,Sub-Saharan Africa,2017,1093,MMR
TCD,Chad,Sub-Saharan Africa,2017,1085,MMR
COM,Comoros,Sub-Saharan Africa,2017,219,MMR
COG,Congo,Sub-Saharan Africa,2017,262,MMR
CIV,Côte d'Ivoire,Sub-Saharan Africa,2017,465,MMR
COD,Democratic Republic of the Congo,Sub-Saharan Africa,2017,519,MMR
GNQ,Equatorial Guinea,Sub-Saharan Africa,2017,212,MMR
ERI,Eritrea,Sub-Saharan Africa,2017,379,MMR
ETH,Ethiopia,Sub-Saharan Africa,2017,327,MMR
GAB,Gabon,Sub-Saharan Africa,2017,184,MMR
GMB,Gambia,Sub-Saharan Africa,2017,469,MMR
GHA,Ghana,Sub-Saharan Africa,2017,287,MMR
GIN,Guinea,Sub-Saharan Africa,2017,582,MMR
GNB,Guinea-Bissau,Sub-Saharan Africa,2017,597,MMR
KEN,Kenya,Sub-Saharan Africa,2017,428,MMR
LSO,Lesotho,Sub-Saharan Africa,2017,468,MMR
LBR,Liberia,Sub-Saharan Africa,2017,703,MMR
MDG,Madagascar,Sub-Saharan Africa,2017,469,MMR
MWI,Malawi,Sub-Saharan Africa,2017,284,MMR
MLI,Mali,Sub-Saharan Africa,2017,453,MMR
MRT,Mauritania,Sub-Saharan Africa,2017,450,MMR
MUS,Mauritius,Sub-Saharan Africa,2017,66,MMR
MOZ,Mozambique,Sub-Saharan Africa,2017,156,MMR
NAM,Namibia,Sub-Saharan Africa,2017,213,MMR
NER,Niger,Sub-Saharan Africa,2017,433,MMR
NGA,Nigeria,Sub-Saharan Africa,2017,1142,MMR
RWA,Rwanda,Sub-Saharan Africa,2017,275,MMR
STP,Sao Tome and Principe,Sub-Saharan Africa,2017,110,MMR
SEN,Senegal,Sub-Saharan Africa,2017,325,MMR
SYC,Seychelles,Sub-Saharan Africa,2017,47,MMR
SLE,Sierra Leone,Sub-Saharan Africa,2017,578,MMR
ZAF,South Africa,Sub-Saharan Africa,2017,134,MMR
SSD,South Sudan,Sub-Saharan Africa,2017,1662,MMR
SWZ,Eswatini,Sub-Saharan Africa,2017,151,MMR
TZA,United Republic of Tanzania,Sub-Saharan Africa,2017,345,MMR
TGO,Togo,Sub-Saharan Africa,2017,443,MMR
UGA,Uganda,Sub-Saharan Africa,2017,246,MMR
ZMB,Zambia,Sub-Saharan Africa,2017,141,MMR
ZWE,Zimbabwe,Sub-Saharan Africa,2017,389,MMR
AGO,Angola,Sub-Saharan Africa,2018,208,MMR
BEN,Benin,Sub-Saharan Africa,2018,585,MMR
BWA,Botswana,Sub-Saharan Africa,2018,99,MMR
BFA,Burkina Faso,Sub-Saharan Africa,2018,286,MMR
BDI,Burundi,Sub-Saharan Africa,2018,464,MMR
CPV,Cabo Verde,Sub-Saharan Africa,2018,43,MMR
CMR,Cameroon,Sub-Saharan Africa,2018,354,MMR
CAF,Central African Republic,Sub-Saharan Africa,2018,881,MMR
TCD,Chad,Sub-Saharan Africa,2018,1020,MMR
COM,Comoros,Sub-Saharan Africa,2018,209,MMR
COG,Congo,Sub-Saharan Africa,2018,259,MMR
CIV,Côte d'Ivoire,Sub-Saharan Africa,2018,449,MMR
COD,Democratic Republic of the Congo,Sub-Saharan Africa,2018,508,MMR
GNQ,Equatorial Guinea,Sub-Saharan Africa,2018,204,MMR
ERI,Eritrea,Sub-Saharan Africa,2018,363,MMR
ETH,Ethiopia,Sub-Saharan Africa,2018,297,MMR
GAB,Gabon,Sub-Saharan Africa,2018,176,MMR
GMB,Gambia,Sub-Saharan Africa,2018,450,MMR
GHA,Ghana,Sub-Saharan Africa,2018,276,MMR
GIN,Guinea,Sub-Saharan Africa,2018,560,MMR
GNB,Guinea-Bissau,Sub-Saharan Africa,2018,585,MMR
KEN,Kenya,Sub-Saharan Africa,2018,428,MMR
LSO,Lesotho,Sub-Saharan Africa,2018,491,MMR
LBR,Liberia,Sub-Saharan Africa,2018,707,MMR
MDG,Madagascar,Sub-Saharan Africa,2018,466,MMR
MWI,Malawi,Sub-Saharan Africa,2018,267,MMR
MLI,Mali,Sub-Saharan Africa,2018,434,MMR
MRT,Mauritania,Sub-Saharan Africa,2018,437,MMR
MUS,Mauritius,Sub-Saharan Africa,2018,67,MMR
MOZ,Mozambique,Sub-Saharan Africa,2018,132,MMR
NAM,Namibia,Sub-Saharan Africa,2018,198,MMR
NER,Niger,Sub-Saharan Africa,2018,420,MMR
NGA,Nigeria,Sub-Saharan Africa,2018,1118,MMR
RWA,Rwanda,Sub-Saharan Africa,2018,269,MMR
STP,Sao Tome and Principe,Sub-Saharan Africa,2018,100,MMR
SEN,Senegal,Sub-Saharan Africa,2018,305,MMR
SYC,Seychelles,Sub-Saharan Africa,2018,49,MMR
SLE,Sierra Leone,Sub-Saharan Africa,2018,491,MMR
ZAF,South Africa,Sub-Saharan Africa,2018,128,MMR
SSD,South Sudan,Sub-Saharan Africa,2018,913,MMR
SWZ,Eswatini,Sub-Saharan Africa,2018,133,MMR
TZA,United Republic of Tanzania,Sub-Saharan Africa,2018,319,MMR
TGO,Togo,Sub-Saharan Africa,2018,435,MMR
UGA,Uganda,Sub-Saharan Africa,2018,232,MMR
ZMB,Zambia,Sub-Saharan Africa,2018,117,MMR
ZWE,Zimbabwe,Sub-Saharan Africa,2018,386,MMR
AGO,Angola,Sub-Saharan Africa,2019,202,MMR
BEN,Benin,Sub-Saharan Africa,2019,572,MMR
BWA,Botswana,Sub-Saharan Africa,2019,100,MMR
BFA,Burkina Faso,Sub-Saharan Africa,2019,274,MMR
BDI,Burundi,Sub-Saharan Africa,2019,449,MMR
CPV,Cabo Verde,Sub-Saharan Africa,2019,41,MMR
CMR,Cameroon,Sub-Saharan Africa,2019,336,MMR
CAF,Central African Republic,Sub-Saharan Africa,2019,1650,MMR
TCD,Chad,Sub-Saharan Africa,2019,958,MMR
COM,Comoros,Sub-Saharan Africa,2019,202,MMR
COG,Congo,Sub-Saharan Africa,2019,245,MMR
CIV,Côte d'Ivoire,Sub-Saharan Africa,2019,429,MMR
COD,Democratic Republic of the Congo,Sub-Saharan Africa,2019,493,MMR
GNQ,Equatorial Guinea,Sub-Saharan Africa,2019,198,MMR
ERI,Eritrea,Sub-Saharan Africa,2019,351,MMR
ETH,Ethiopia,Sub-Saharan Africa,2019,269,MMR
GAB,Gabon,Sub-Saharan Africa,2019,179,MMR
GMB,Gambia,Sub-Saharan Africa,2019,422,MMR
GHA,Ghana,Sub-Saharan Africa,2019,260,MMR
GIN,Guinea,Sub-Saharan Africa,2019,548,MMR
GNB,Guinea-Bissau,Sub-Saharan Africa,2019,598,MMR
KEN,Kenya,Sub-Saharan Africa,2019,415,MMR
LSO,Lesotho,Sub-Saharan Africa,2019,467,MMR
LBR,Liberia,Sub-Saharan Africa,2019,689,MMR
MDG,Madagascar,Sub-Saharan Africa,2019,462,MMR
MWI,Malawi,Sub-Saharan Africa,2019,260,MMR
MLI,Mali,Sub-Saharan Africa,2019,416,MMR
MRT,Mauritania,Sub-Saharan Africa,2019,424,MMR
MUS,Mauritius,Sub-Saharan Africa,2019,67,MMR
MOZ,Mozambique,Sub-Saharan Africa,2019,111,MMR
NAM,Namibia,Sub-Saharan Africa,2019,175,MMR
NER,Niger,Sub-Saharan Africa,2019,406,MMR
NGA,Nigeria,Sub-Saharan Africa,2019,1091,MMR
RWA,Rwanda,Sub-Saharan Africa,2019,261,MMR
STP,Sao Tome and Principe,Sub-Saharan Africa,2019,95,MMR
SEN,Senegal,Sub-Saharan Africa,2019,286,MMR
SYC,Seychelles,Sub-Saharan Africa,2019,48,MMR
SLE,Sierra Leone,Sub-Saharan Africa,2019,464,MMR
ZAF,South Africa,Sub-Saharan Africa,2019,119,MMR
SSD,South Sudan,Sub-Saharan Africa,2019,745,MMR
SWZ,Eswatini,Sub-Saharan Africa,2019,96,MMR
TZA,United Republic of Tanzania,Sub-Saharan Africa,2019,292,MMR
TGO,Togo,Sub-Saharan Africa,2019,416,MMR
UGA,Uganda,Sub-Saharan Africa,2019,219,MMR
ZMB,Zambia,Sub-Saharan Africa,2019,103,MMR
ZWE,Zimbabwe,Sub-Saharan Africa,2019,388,MMR
AGO,Angola,Sub-Saharan Africa,2020,195,MMR
BEN,Benin,Sub-Saharan Africa,2020,578,MMR
BWA,Botswana,Sub-Saharan Africa,2020,98,MMR
BFA,Burkina Faso,Sub-Saharan Africa,2020,334,MMR
BDI,Burundi,Sub-Saharan Africa,2020,441,MMR
CPV,Cabo Verde,Sub-Saharan Africa,2020,56,MMR
CMR,Cameroon,Sub-Saharan Africa,2020,316,MMR
CAF,Central African Republic,Sub-Saharan Africa,2020,1296,MMR
TCD,Chad,Sub-Saharan Africa,2020,877,MMR
COM,Comoros,Sub-Saharan Africa,2020,198,MMR
COG,Congo,Sub-Saharan Africa,2020,247,MMR
CIV,Côte d'Ivoire,Sub-Saharan Africa,2020,447,MMR
COD,Democratic Republic of the Congo,Sub-Saharan Africa,2020,489,MMR
GNQ,Equatorial Guinea,Sub-Saharan Africa,2020,196,MMR
ERI,Eritrea,Sub-Saharan Africa,2020,334,MMR
ETH,Ethiopia,Sub-Saharan Africa,2020,244,MMR
GAB,Gabon,Sub-Saharan Africa,2020,194,MMR
GMB,Gambia,Sub-Saharan Africa,2020,400,MMR
GHA,Ghana,Sub-Saharan Africa,2020,253,MMR
GIN,Guinea,Sub-Saharan Africa,2020,528,MMR
GNB,Guinea-Bissau,Sub-Saharan Africa,2020,603,MMR
KEN,Kenya,Sub-Saharan Africa,2020,421,MMR
LSO,Lesotho,Sub-Saharan Africa,2020,529,MMR
LBR,Liberia,Sub-Saharan Africa,2020,664,MMR
MDG,Madagascar,Sub-Saharan Africa,2020,447,MMR
MWI,Malawi,Sub-Saharan Africa,2020,256,MMR
MLI,Mali,Sub-Saharan Africa,2020,405,MMR
MRT,Mauritania,Sub-Saharan Africa,2020,413,MMR
MUS,Mauritius,Sub-Saharan Africa,2020,58,MMR
MOZ,Mozambique,Sub-Saharan Africa,2020,110,MMR
NAM,Namibia,Sub-Saharan Africa,2020,143,MMR
NER,Niger,Sub-Saharan Africa,2020,388,MMR
NGA,Nigeria,Sub-Saharan Africa,2020,1065,MMR
RWA,Rwanda,Sub-Saharan Africa,2020,252,MMR
STP,Sao Tome and Principe,Sub-Saharan Africa,2020,92,MMR
SEN,Senegal,Sub-Saharan Africa,2020,252,MMR
SYC,Seychelles,Sub-Saharan Africa,2020,51,MMR
SLE,Sierra Leone,Sub-Saharan Africa,2020,422,MMR
ZAF,South Africa,Sub-Saharan Africa,2020,118,MMR
SSD,South Sudan,Sub-Saharan Africa,2020,729,MMR
SWZ,Eswatini,Sub-Saharan Africa,2020,102,MMR
TZA,United Republic of Tanzania,Sub-Saharan Africa,2020,160,MMR
TGO,Togo,Sub-Saharan Africa,2020,398,MMR
UGA,Uganda,Sub-Saharan Africa,2020,209,MMR
ZMB,Zambia,Sub-Saharan Africa,2020,99,MMR
ZWE,Zimbabwe,Sub-Saharan Africa,2020,380,MMR
AGO,Angola,Sub-Saharan Africa,2021,211,MMR
BEN,Benin,Sub-Saharan Africa,2021,584,MMR
BWA,Botswana,Sub-Saharan Africa,2021,165,MMR
BFA,Burkina Faso,Sub-Saharan Africa,2021,354,MMR
BDI,Burundi,Sub-Saharan Africa,2021,447,MMR
CPV,Cabo Verde,Sub-Saharan Africa,2021,56,MMR
CMR,Cameroon,Sub-Saharan Africa,2021,342,MMR
CAF,Central African Republic,Sub-Saharan Africa,2021,1127,MMR
TCD,Chad,Sub-Saharan Africa,2021,869,MMR
COM,Comoros,Sub-Saharan Africa,2021,215,MMR
COG,Congo,Sub-Saharan Africa,2021,301,MMR
CIV,Côte d'Ivoire,Sub-Saharan Africa,2021,459,MMR
COD,Democratic Republic of the Congo,Sub-Saharan Africa,2021,507,MMR
GNQ,Equatorial Guinea,Sub-Saharan Africa,2021,202,MMR
ERI,Eritrea,Sub-Saharan Africa,2021,338,MMR
ETH,Ethiopia,Sub-Saharan Africa,2021,250,MMR
GAB,Gabon,Sub-Saharan Africa,2021,249,MMR
GMB,Gambia,Sub-Saharan Africa,2021,420,MMR
GHA,Ghana,Sub-Saharan Africa,2021,264,MMR
GIN,Guinea,Sub-Saharan Africa,2021,533,MMR
GNB,Guinea-Bissau,Sub-Saharan Africa,2021,617,MMR
KEN,Kenya,Sub-Saharan Africa,2021,421,MMR
LSO,Lesotho,Sub-Saharan Africa,2021,577,MMR
LBR,Liberia,Sub-Saharan Africa,2021,667,MMR
MDG,Madagascar,Sub-Saharan Africa,2021,467,MMR
MWI,Malawi,Sub-Saharan Africa,2021,286,MMR
MLI,Mali,Sub-Saharan Africa,2021,415,MMR
MRT,Mauritania,Sub-Saharan Africa,2021,425,MMR
MUS,Mauritius,Sub-Saharan Africa,2021,80,MMR
MOZ,Mozambique,Sub-Saharan Africa,2021,161,MMR
NAM,Namibia,Sub-Saharan Africa,2021,254,MMR
NER,Niger,Sub-Saharan Africa,2021,396,MMR
NGA,Nigeria,Sub-Saharan Africa,2021,1046,MMR
RWA,Rwanda,Sub-Saharan Africa,2021,254,MMR
STP,Sao Tome and Principe,Sub-Saharan Africa,2021,98,MMR
SEN,Senegal,Sub-Saharan Africa,2021,263,MMR
SYC,Seychelles,Sub-Saharan Africa,2021,74,MMR
SLE,Sierra Leone,Sub-Saharan Africa,2021,403,MMR
ZAF,South Africa,Sub-Saharan Africa,2021,191,MMR
SSD,South Sudan,Sub-Saharan Africa,2021,749,MMR
SWZ,Eswatini,Sub-Saharan Africa,2021,219,MMR
TZA,United Republic of Tanzania,Sub-Saharan Africa,2021,162,MMR
TGO,Togo,Sub-Saharan Africa,2021,397,MMR
UGA,Uganda,Sub-Saharan Africa,2021,216,MMR
ZMB,Zambia,Sub-Saharan Africa,2021,140,MMR
ZWE,Zimbabwe,Sub-Saharan Africa,2021,446,MMR
AGO,Angola,Sub-Saharan Africa,2022,185,MMR
BEN,Benin,Sub-Saharan Africa,2022,547,MMR
BWA,Botswana,Sub-Saharan Africa,2022,120,MMR
BFA,Burkina Faso,Sub-Saharan Africa,2022,316,MMR
BDI,Burundi,Sub-Saharan Africa,2022,412,MMR
CPV,Cabo Verde,Sub-Saharan Africa,2022,42,MMR
CMR,Cameroon,Sub-Saharan Africa,2022,276,MMR
CAF,Central African Republic,Sub-Saharan Africa,2022,841,MMR
TCD,Chad,Sub-Saharan Africa,2022,775,MMR
COM,Comoros,Sub-Saharan Africa,2022,186,MMR
COG,Congo,Sub-Saharan Africa,2022,241,MMR
CIV,Côte d'Ivoire,Sub-Saharan Africa,2022,409,MMR
COD,Democratic Republic of the Congo,Sub-Saharan Africa,2022,456,MMR
GNQ,Equatorial Guinea,Sub-Saharan Africa,2022,183,MMR
ERI,Eritrea,Sub-Saharan Africa,2022,301,MMR
ETH,Ethiopia,Sub-Saharan Africa,2022,207,MMR
GAB,Gabon,Sub-Saharan Africa,2022,216,MMR
GMB,Gambia,Sub-Saharan Africa,2022,365,MMR
GHA,Ghana,Sub-Saharan Africa,2022,239,MMR
GIN,Guinea,Sub-Saharan Africa,2022,500,MMR
GNB,Guinea-Bissau,Sub-Saharan Africa,2022,539,MMR
KEN,Kenya,Sub-Saharan Africa,2022,388,MMR
LSO,Lesotho,Sub-Saharan Africa,2022,477,MMR
LBR,Liberia,Sub-Saharan Africa,2022,634,MMR
MDG,Madagascar,Sub-Saharan Africa,2022,439,MMR
MWI,Malawi,Sub-Saharan Africa,2022,239,MMR
MLI,Mali,Sub-Saharan Africa,2022,381,MMR
MRT,Mauritania,Sub-Saharan Africa,2022,385,MMR
MUS,Mauritius,Sub-Saharan Africa,2022,61,MMR
MOZ,Mozambique,Sub-Saharan Africa,2022,93,MMR
NAM,Namibia,Sub-Saharan Africa,2022,127,MMR
NER,Niger,Sub-Saharan Africa,2022,361,MMR
NGA,Nigeria,Sub-Saharan Africa,2022,1016,MMR
RWA,Rwanda,Sub-Saharan Africa,2022,234,MMR
STP,Sao Tome and Principe,Sub-Saharan Africa,2022,82,MMR
SEN,Senegal,Sub-Saharan Africa,2022,228,MMR
SYC,Seychelles,Sub-Saharan Africa,2022,89,MMR
SLE,Sierra Leone,Sub-Saharan Africa,2022,370,MMR
ZAF,South Africa,Sub-Saharan Africa,2022,129,MMR
SSD,South Sudan,Sub-Saharan Africa,2022,704,MMR
SWZ,Eswatini,Sub-Saharan Africa,2022,112,MMR
TZA,United Republic of Tanzania,Sub-Saharan Africa,2022,152,MMR
TGO,Togo,Sub-Saharan Africa,2022,362,MMR
UGA,Uganda,Sub-Saharan Africa,2022,184,MMR
ZMB,Zambia,Sub-Saharan Africa,2022,89,MMR
ZWE,Zimbabwe,Sub-Saharan Africa,2022,368,MMR
AGO,Angola,Sub-Saharan Africa,2023,183,MMR
BEN,Benin,Sub-Saharan Africa,2023,518,MMR
BWA,Botswana,Sub-Saharan Africa,2023,155,MMR
BFA,Burkina Faso,Sub-Saharan Africa,2023,242,MMR
BDI,Burundi,Sub-Saharan Africa,2023,392,MMR
CPV,Cabo Verde,Sub-Saharan Africa,2023,40,MMR
CMR,Cameroon,Sub-Saharan Africa,2023,258,MMR
CAF,Central African Republic,Sub-Saharan Africa,2023,692,MMR
TCD,Chad,Sub-Saharan Africa,2023,748,MMR
COM,Comoros,Sub-Saharan Africa,2023,179,MMR
COG,Congo,Sub-Saharan Africa,2023,241,MMR
CIV,Côte d'Ivoire,Sub-Saharan Africa,2023,359,MMR
COD,Democratic Republic of the Congo,Sub-Saharan Africa,2023,427,MMR
GNQ,Equatorial Guinea,Sub-Saharan Africa,2023,174,MMR
ERI,Eritrea,Sub-Saharan Africa,2023,291,MMR
ETH,Ethiopia,Sub-Saharan Africa,2023,195,MMR
GAB,Gabon,Sub-Saharan Africa,2023,233,MMR
GMB,Gambia,Sub-Saharan Africa,2023,354,MMR
GHA,Ghana,Sub-Saharan Africa,2023,234,MMR
GIN,Guinea,Sub-Saharan Africa,2023,494,MMR
GNB,Guinea-Bissau,Sub-Saharan Africa,2023,505,MMR
KEN,Kenya,Sub-Saharan Africa,2023,379,MMR
LSO,Lesotho,Sub-Saharan Africa,2023,478,MMR
LBR,Liberia,Sub-Saharan Africa,2023,628,MMR
MDG,Madagascar,Sub-Saharan Africa,2023,445,MMR
MWI,Malawi,Sub-Saharan Africa,2023,225,MMR
MLI,Mali,Sub-Saharan Africa,2023,367,MMR
MRT,Mauritania,Sub-Saharan Africa,2023,381,MMR
MUS,Mauritius,Sub-Saharan Africa,2023,66,MMR
MOZ,Mozambique,Sub-Saharan Africa,2023,82,MMR
NAM,Namibia,Sub-Saharan Africa,2023,139,MMR
NER,Niger,Sub-Saharan Africa,2023,350,MMR
NGA,Nigeria,Sub-Saharan Africa,2023,993,MMR
RWA,Rwanda,Sub-Saharan Africa,2023,229,MMR
STP,Sao Tome and Principe,Sub-Saharan Africa,2023,75,MMR
SEN,Senegal,Sub-Saharan Africa,2023,237,MMR
SYC,Seychelles,Sub-Saharan Africa,2023,42,MMR
SLE,Sierra Leone,Sub-Saharan Africa,2023,354,MMR
ZAF,South Africa,Sub-Saharan Africa,2023,118,MMR
SSD,South Sudan,Sub-Saharan Africa,2023,692,MMR
SWZ,Eswatini,Sub-Saharan Africa,2023,118,MMR
TZA,United Republic of Tanzania,Sub-Saharan Africa,2023,276,MMR
TGO,Togo,Sub-Saharan Africa,2023,349,MMR
UGA,Uganda,Sub-Saharan Africa,2023,170,MMR
ZMB,Zambia,Sub-Saharan Africa,2023,85,MMR
ZWE,Zimbabwe,Sub-Saharan Africa,2023,358,MMR
